-- MySQL dump 10.13  Distrib 8.0.11, for Win64 (x86_64)
--
-- Host: localhost    Database: pass_system
-- ------------------------------------------------------
-- Server version	8.0.11

/*!40101 SET @OLD_CHARACTER_SET_CLIENT=@@CHARACTER_SET_CLIENT */;
/*!40101 SET @OLD_CHARACTER_SET_RESULTS=@@CHARACTER_SET_RESULTS */;
/*!40101 SET @OLD_COLLATION_CONNECTION=@@COLLATION_CONNECTION */;
 SET NAMES utf8mb4 ;
/*!40103 SET @OLD_TIME_ZONE=@@TIME_ZONE */;
/*!40103 SET TIME_ZONE='+00:00' */;
/*!40014 SET @OLD_UNIQUE_CHECKS=@@UNIQUE_CHECKS, UNIQUE_CHECKS=0 */;
/*!40014 SET @OLD_FOREIGN_KEY_CHECKS=@@FOREIGN_KEY_CHECKS, FOREIGN_KEY_CHECKS=0 */;
/*!40101 SET @OLD_SQL_MODE=@@SQL_MODE, SQL_MODE='NO_AUTO_VALUE_ON_ZERO' */;
/*!40111 SET @OLD_SQL_NOTES=@@SQL_NOTES, SQL_NOTES=0 */;

--
-- Table structure for table `admins`
--

DROP TABLE IF EXISTS `admins`;
/*!40101 SET @saved_cs_client     = @@character_set_client */;
 SET character_set_client = utf8mb4 ;
CREATE TABLE `admins` (
  `login` varchar(30) NOT NULL,
  `password` varchar(64) DEFAULT NULL,
  `name` varchar(20) DEFAULT NULL,
  `last_name` varchar(20) DEFAULT NULL,
  `position_name` varchar(20) DEFAULT NULL,
  PRIMARY KEY (`login`)
) ENGINE=InnoDB DEFAULT CHARSET=utf8mb4 COLLATE=utf8mb4_0900_ai_ci;
/*!40101 SET character_set_client = @saved_cs_client */;

--
-- Dumping data for table `admins`
--

LOCK TABLES `admins` WRITE;
/*!40000 ALTER TABLE `admins` DISABLE KEYS */;
INSERT INTO `admins` VALUES ('root','root','Anton','Olgov','senior guard');
/*!40000 ALTER TABLE `admins` ENABLE KEYS */;
UNLOCK TABLES;

--
-- Table structure for table `departments`
--

DROP TABLE IF EXISTS `departments`;
/*!40101 SET @saved_cs_client     = @@character_set_client */;
 SET character_set_client = utf8mb4 ;
CREATE TABLE `departments` (
  `department_id` int(11) NOT NULL,
  `department_name` varchar(60) DEFAULT NULL,
  PRIMARY KEY (`department_id`)
) ENGINE=InnoDB DEFAULT CHARSET=utf8mb4 COLLATE=utf8mb4_0900_ai_ci;
/*!40101 SET character_set_client = @saved_cs_client */;

--
-- Dumping data for table `departments`
--

LOCK TABLES `departments` WRITE;
/*!40000 ALTER TABLE `departments` DISABLE KEYS */;
INSERT INTO `departments` VALUES (1,'Accounting and Finance department'),(2,'Human Resource Management department'),(3,'Research and Development department'),(4,'Information Technology department');
/*!40000 ALTER TABLE `departments` ENABLE KEYS */;
UNLOCK TABLES;

--
-- Table structure for table `employees`
--

DROP TABLE IF EXISTS `employees`;
/*!40101 SET @saved_cs_client     = @@character_set_client */;
 SET character_set_client = utf8mb4 ;
CREATE TABLE `employees` (
  `id` int(11) NOT NULL,
  `name` varchar(20) DEFAULT NULL,
  `last_name` varchar(20) DEFAULT NULL,
  `department_id` int(11) DEFAULT NULL,
  `position_id` int(11) DEFAULT NULL,
  PRIMARY KEY (`id`),
  KEY `department_id` (`department_id`),
  KEY `position_id` (`position_id`),
  CONSTRAINT `department_id` FOREIGN KEY (`department_id`) REFERENCES `departments` (`department_id`),
  CONSTRAINT `employees_ibfk_1` FOREIGN KEY (`position_id`) REFERENCES `positions` (`position_id`)
) ENGINE=InnoDB DEFAULT CHARSET=utf8mb4 COLLATE=utf8mb4_0900_ai_ci;
/*!40101 SET character_set_client = @saved_cs_client */;

--
-- Dumping data for table `employees`
--

LOCK TABLES `employees` WRITE;
/*!40000 ALTER TABLE `employees` DISABLE KEYS */;
INSERT INTO `employees` VALUES (3,'Jenifer','lopez',1,NULL),(6,'Adele','Romanovna',1,NULL),(25,'Лолита','Милявская',1,NULL),(26,'Maxim','Sachkov',4,1),(28,'Anton','Olgov',1,12),(30,'Random','Man',2,NULL),(31,'Rihanna','Евгеньевна',1,NULL);
/*!40000 ALTER TABLE `employees` ENABLE KEYS */;
UNLOCK TABLES;

--
-- Table structure for table `images_data`
--

DROP TABLE IF EXISTS `images_data`;
/*!40101 SET @saved_cs_client     = @@character_set_client */;
 SET character_set_client = utf8mb4 ;
CREATE TABLE `images_data` (
  `id` int(11) NOT NULL,
  `photo` text,
  `descriptor` text,
  KEY `id` (`id`),
  CONSTRAINT `images_data_ibfk_1` FOREIGN KEY (`id`) REFERENCES `employees` (`id`)
) ENGINE=InnoDB DEFAULT CHARSET=utf8mb4 COLLATE=utf8mb4_0900_ai_ci;
/*!40101 SET character_set_client = @saved_cs_client */;

--
-- Dumping data for table `images_data`
--

LOCK TABLES `images_data` WRITE;
/*!40000 ALTER TABLE `images_data` DISABLE KEYS */;
INSERT INTO `images_data` VALUES (3,'photos/3.jpg','-0.1974489837884903:0.15850985050201416:0.13766585290431976:-0.07857606559991837:-0.1742548644542694:-0.053324971348047256:-0.0686444565653801:-0.13429994881153107:0.12789596617221832:-0.009461757726967335:0.2523040175437927:-0.04268457368016243:-0.2691105008125305:-0.006110804155468941:-0.10679735243320465:0.2003069370985031:-0.19538000226020813:-0.1582590788602829:-0.07497502863407135:-0.05385122448205948:0.04358367621898651:0.0461500883102417:0.07723018527030945:0.07186105102300644:-0.153301402926445:-0.33552032709121704:-0.04234764724969864:-0.00905483029782772:0.010565337724983692:-0.13512781262397766:-0.006678827106952667:0.13497287034988403:-0.28728291392326355:-0.056383080780506134:0.021307647228240967:0.201902374625206:0.03771239146590233:-0.12046942114830017:0.08427175879478455:-0.07167690247297287:-0.2527245283126831:-0.05174986645579338:0.13804489374160767:0.2520888149738312:0.20468448102474213:-0.015064159408211708:0.03483317792415619:-0.09778425842523575:0.016629181802272797:-0.22209830582141876:0.06547464430332184:0.15273872017860413:0.03274809569120407:0.061030060052871704:-0.058746274560689926:-0.2554793953895569:0.0205121710896492:0.09180853515863419:-0.15843826532363892:-0.06360205262899399:0.13301490247249603:-0.09119141101837158:-0.0345972403883934:-0.12007594853639603:0.1979154497385025:0.13573046028614044:-0.13719899952411652:-0.17413468658924103:0.13152553141117096:-0.12941133975982666:-0.020701445639133453:0.03773687779903412:-0.16929517686367035:-0.1479991227388382:-0.3538180887699127:0.0015086717903614044:0.40203627943992615:0.08228970319032669:-0.15673139691352844:0.08214490115642548:-0.09336362034082413:0.021612586453557014:-0.08887911587953568:0.1578429788351059:-0.04944764822721481:0.13216786086559296:-0.14353656768798828:0.12713949382305145:0.1530388742685318:-0.020997796207666397:-0.012679233215749264:0.20792259275913239:0.0176914744079113:-0.03607974946498871:0.06807699054479599:0.1494709700345993:-0.13967327773571014:0.014453520998358727:-0.16020096838474274:0.014556660316884518:-0.04338488355278969:-0.03842487931251526:-0.03702688217163086:0.12475793808698654:-0.13796083629131317:0.1752670854330063:0.02293708547949791:0.003373684361577034:-0.056683167815208435:-0.05691739544272423:0.0034283455461263657:-0.09616351872682571:0.12946249544620514:-0.2263673096895218:0.1786123514175415:0.18634150922298431:0.033147409558296204:0.22886785864830017:0.096786729991436:0.17471790313720703:0.015974776819348335:0.010313146747648716:-0.09994539618492126:-0.04655397683382034:0.036990709602832794:-0.10294643044471741:0.08439512550830841:0.10215422511100769'),(6,'photos/6.jpg','-0.1441953033208847:0.06407447159290314:0.09348683804273605:-0.14287921786308289:-0.13603168725967407:-0.010191721841692924:-0.05987334996461868:-0.1367826908826828:0.16456614434719086:-0.1967684030532837:0.039362575858831406:-0.10058200359344482:-0.21129654347896576:0.02193872444331646:0.015569154173135757:0.12517932057380676:-0.18782418966293335:-0.2229120284318924:-0.07271363586187363:-0.04567887634038925:0.006708415225148201:0.03806906193494797:-0.04623403400182724:0.09138382226228714:-0.08031091094017029:-0.2897647023200989:-0.05918107181787491:-0.040997304022312164:-0.01915745809674263:-0.09105147421360016:0.0238630510866642:0.0822686180472374:-0.1952260136604309:-0.0114195067435503:-0.03168333321809769:0.14389944076538086:-0.11418137699365616:-0.20926867425441742:0.1915932446718216:0.006391477771103382:-0.2165675014257431:-0.08259958773851395:0.09368957579135895:0.25782179832458496:0.2961937189102173:-0.024447571486234665:-0.04400182142853737:-0.09681820869445801:0.17172153294086456:-0.38269269466400146:0.044192418456077576:0.1689329445362091:0.023648999631404877:0.10745210945606232:0.12076211720705032:-0.19477945566177368:0.06117016449570656:0.09154482185840607:-0.15650446712970734:0.03683123365044594:0.06906209141016006:-0.16488879919052124:0.009588537737727165:-0.14328663051128387:0.29870349168777466:0.15736190974712372:-0.06208052113652229:-0.17554880678653717:0.2436506152153015:-0.1460954248905182:-0.1446460783481598:0.062103673815727234:-0.10816700011491776:-0.1280195415019989:-0.2597527801990509:-0.002150513231754303:0.30135318636894226:0.19206687808036804:-0.10286786407232285:0.09274673461914062:-0.12223132699728012:-0.023960478603839874:0.023693423718214035:0.17419399321079254:0.037352874875068665:-0.10615701973438263:-0.027798619121313095:0.010823794640600681:0.22979126870632172:-0.036438196897506714:-0.024564437568187714:0.20432431995868683:0.023839915171265602:-0.086988665163517:0.006731657311320305:-0.04861278831958771:-0.12489751726388931:0.05179750919342041:-0.1868152916431427:-0.0467914454638958:0.03201203793287277:-0.0020428337156772614:0.03132401779294014:0.20844215154647827:-0.20077688992023468:0.16109779477119446:-0.014249970205128193:-0.0496244952082634:0.041599053889513016:-0.11766649037599564:-0.08621225506067276:-0.008440007455646992:0.14225824177265167:-0.2895206809043884:0.16592521965503693:0.11665140092372894:0.07169768959283829:0.173678919672966:0.046597499400377274:0.1355525255203247:0.055290959775447845:-0.014695703983306885:-0.2116841822862625:-0.02057361975312233:0.07913317531347275:0.07859361171722412:-0.047134868800640106:0.12365192919969559'),(25,'photos/25.jpg','-0.08838053792715073:0.09999040514230728:0.1648971438407898:-0.05011211335659027:-0.10618489980697632:-0.05732685700058937:-0.09002306312322617:-0.06423509120941162:0.15414482355117798:-0.08019495755434036:0.08648858964443207:-0.11940445750951767:-0.256067156791687:0.1592458188533783:-0.06808777153491974:0.22424569725990295:-0.18761828541755676:-0.12844103574752808:-0.04830075800418854:-0.04162251576781273:0.014404673129320145:0.12772443890571594:-0.012944232672452927:0.09842368215322495:-0.07599138468503952:-0.3251459002494812:-0.08007673174142838:-0.09632211923599243:0.019883688539266586:-0.02945474348962307:-0.040944185107946396:0.09149523824453354:-0.12927255034446716:-0.012071328237652779:0.0913519337773323:0.15804804861545563:-0.06504803150892258:-0.14412370324134827:0.22226840257644653:0.01998921111226082:-0.22937816381454468:-0.0177935604006052:0.11549560725688934:0.24989406764507294:0.16569526493549347:0.03384760022163391:-0.0034553203731775284:-0.08422831445932388:0.04911981150507927:-0.29417258501052856:-0.029833510518074036:0.173120379447937:0.003337250091135502:0.16100656986236572:0.082149937748909:-0.21531547605991364:0.1258280724287033:0.06446333229541779:-0.21382246911525726:0.03770897164940834:0.0845537781715393:-0.14549098908901215:0.03984702378511429:-0.02803647704422474:0.24510100483894348:0.05815563723444939:-0.0831947848200798:-0.13960187137126923:0.09290509670972824:-0.2167447954416275:-0.056482624262571335:0.11446458846330643:-0.0681980699300766:-0.14490674436092377:-0.23141327500343323:-0.06080413982272148:0.33034175634384155:0.15834762156009674:-0.14599598944187164:0.12745800614356995:-0.00411316379904747:-0.0802554190158844:0.07822567969560623:0.14003565907478333:-0.024647578597068787:0.055747874081134796:-0.07954925298690796:0.018573956564068794:0.2076309323310852:-0.049185220152139664:0.07918598502874374:0.27019283175468445:0.0020665256306529045:0.016033871099352837:0.036945175379514694:0.04951312392950058:-0.11128552258014679:-0.034484412521123886:-0.12303919345140457:-0.0613984614610672:0.08311916887760162:-0.022229744121432304:0.00706448033452034:0.07763964682817459:-0.25406262278556824:0.11041170358657837:-0.05718257278203964:-0.061271749436855316:-0.012074664235115051:-0.02721666917204857:-0.09030776470899582:-0.004742097109556198:0.2671307325363159:-0.25344887375831604:0.13864846527576447:0.1958867907524109:-0.06276018917560577:0.11136382818222046:0.06631620973348618:0.07061530649662018:-0.036426108330488205:-0.07579002529382706:-0.17348769307136536:-0.05400964990258217:0.07916038483381271:-0.03411225602030754:0.025578845292329788:0.040845658630132675'),(26,'photos/26.jpg','-0.07654894143342972:0.007801597006618977:0.024061307311058044:-0.00836694985628128:-0.049959298223257065:0.014361781999468803:0.03131919354200363:0.019707931205630302:0.11968196928501129:-0.12591099739074707:0.15209253132343292:-0.02814904972910881:-0.2750471830368042:0.08261726051568985:-0.036121152341365814:0.13589368760585785:-0.1226901188492775:-0.10158038139343262:-0.11587128043174744:-0.14428113400936127:0.09095577895641327:0.06031434237957001:-0.07919459044933319:0.1428978443145752:-0.11432737112045288:-0.23303504288196564:-0.06614670157432556:-0.06651964038610458:0.02873808890581131:-0.133771613240242:0.014865846373140812:0.043648622930049896:-0.09570036828517914:0.0073755159974098206:0.018269330263137817:0.038232095539569855:-0.019992467015981674:-0.12935134768486023:0.2024855613708496:0.041960231959819794:-0.0829482302069664:0.04060789942741394:0.05194796249270439:0.31902459263801575:0.13040170073509216:0.04252716526389122:-0.008187022060155869:-0.045934077352285385:0.11137723177671432:-0.24562856554985046:-0.009397858753800392:0.13698463141918182:0.028727801516652107:0.12659476697444916:0.0689745619893074:-0.18546739220619202:0.043359510600566864:0.1314653605222702:-0.16042904555797577:0.12670183181762695:-0.04245650768280029:-0.05254819244146347:0.03294627368450165:-0.050827451050281525:0.12823137640953064:0.03810527175664902:-0.11433795094490051:-0.14822918176651:0.11483464390039444:-0.23589013516902924:-0.08834085613489151:0.055972740054130554:-0.11687424778938293:-0.1634211540222168:-0.2153872400522232:0.04628073424100876:0.3561462163925171:0.19035613536834717:-0.16983574628829956:0.027535855770111084:0.028360940515995026:-0.0547955147922039:0.15803515911102295:0.10092178732156754:-0.049420274794101715:-0.09284351766109467:-0.09041477739810944:0.039320558309555054:0.20945550501346588:0.06717203557491302:-0.06167501211166382:0.23142410814762115:0.036797430366277695:-0.03624151274561882:0.049302827566862106:0.06291351467370987:-0.13653309643268585:-0.0022158706560730934:-0.1158420592546463:-0.019420184195041656:0.021486032754182816:-0.06864526122808456:-0.008364959619939327:0.10489055514335632:-0.1331462860107422:0.1394602358341217:-0.046037543565034866:-0.008465196937322617:-0.04214537888765335:0.10216923803091049:-0.22602970898151398:0.013083770871162415:0.16031566262245178:-0.2129359394311905:0.11316569149494171:0.21765846014022827:0.054236266762018204:0.06614208966493607:0.07150954753160477:0.06256360560655594:0.01708352379500866:0.00522193219512701:-0.19183480739593506:-0.0722755491733551:0.04868343845009804:-0.006021127104759216:0.02300897054374218:-0.010283570736646652'),(28,'photos/28.jpg','-0.10421978682279587:0.0820208191871643:0.0684867575764656:-0.04007638990879059:-0.09254932403564453:0.08883970230817795:-0.0736931562423706:-0.06048477441072464:0.10468018800020218:-0.14445775747299194:0.28885871171951294:-0.020145315676927567:-0.17720606923103333:-0.07351648062467575:-0.030032256618142128:0.08036011457443237:-0.147223562002182:-0.16772907972335815:-0.026619669049978256:-0.044978901743888855:0.04905962571501732:0.025670818984508514:-0.013026626780629158:0.026361752301454544:-0.08777764439582825:-0.3284466862678528:-0.0446556881070137:-0.10796580463647842:0.13457712531089783:-0.14509057998657227:-0.05910048261284828:0.02650005742907524:-0.13832485675811768:0.0020342599600553513:-0.00991277489811182:0.08223668485879898:-0.10166896879673004:-0.03852453455328941:0.2250315546989441:0.011232043616473675:-0.1490783989429474:0.06836223602294922:0.06540192663669586:0.2851797938346863:0.17678937315940857:0.07433745265007019:0.0003207288682460785:-0.058682769536972046:0.14596658945083618:-0.2671191394329071:0.11994631588459015:0.1635497510433197:0.25002521276474:0.054790835827589035:0.1309623271226883:-0.18982572853565216:-0.02253134362399578:0.02820895053446293:-0.12760396301746368:0.14206354320049286:0.036059655249118805:-0.025593601167201996:0.023183196783065796:-0.08992157131433487:0.19141210615634918:0.02592349611222744:-0.1271125227212906:-0.07249292731285095:0.17646697163581848:-0.08527208864688873:-0.06141667068004608:0.13692085444927216:-0.08796426653862:-0.20383921265602112:-0.17237010598182678:0.10987165570259094:0.45214778184890747:0.17492827773094177:-0.16610193252563477:0.028451241552829742:0.00665022199973464:-0.12443846464157104:0.0078032235614955425:0.1241891086101532:-0.09554417431354523:-0.07906895130872726:-0.08764331787824631:0.01857824996113777:0.1468777060508728:0.0022322814911603928:-0.017040466889739037:0.17515480518341064:0.030707472935318947:0.07836253196001053:0.025110261514782906:0.0551753044128418:-0.11165858805179596:0.019414078444242477:-0.11728526651859283:-0.015361416153609753:-0.07293945550918579:-0.10962069779634476:-0.041291460394859314:0.0709080696105957:-0.11961036920547485:0.18501368165016174:-0.014896895736455917:-0.03342626616358757:-0.027026504278182983:0.05835075303912163:-0.07557536661624908:0.007012003101408482:0.08613624423742294:-0.31490397453308105:0.12347206473350525:0.14902429282665253:0.1188213899731636:0.17098049819469452:0.11560376733541489:0.07171546667814255:0.08244530111551285:-0.02729005366563797:-0.19595494866371155:-0.13433243334293365:0.0017740912735462189:-0.054769836366176605:-0.003421049565076828:0.06954389065504074'),(30,'photos/30.jpg','-0.15643425285816193:0.08504989743232727:0.016751697286963463:-0.010867584496736526:-0.037151042371988297:-0.037698738276958466:0.03802114725112915:-0.10565900802612305:0.18943974375724792:-0.02647780068218708:0.24041572213172913:0.040756307542324066:-0.1788768619298935:-0.13647331297397614:0.08450376242399216:0.06516734510660172:-0.21846753358840942:-0.10352209210395813:-0.015391538850963116:-0.07653848826885223:0.051102180033922195:-0.03701166808605194:0.05444417893886566:0.1677333265542984:-0.2161220908164978:-0.36344048380851746:-0.05799470096826553:-0.2111114263534546:0.06655407696962357:-0.08472289144992828:0.03980029374361038:0.08550320565700531:-0.18640857934951782:-0.025919266045093536:-0.06483398377895355:0.026258276775479317:0.056448761373758316:-0.054648175835609436:0.19800515472888947:0.01988248899579048:-0.18045593798160553:-0.0029832543805241585:-0.042546577751636505:0.24489110708236694:0.11679425090551376:0.006969907321035862:0.07175948470830917:0.022203629836440086:0.0894840806722641:-0.13257935643196106:0.016488224267959595:0.1530158370733261:0.08612711727619171:-0.06527578830718994:0.02839077264070511:-0.18201929330825806:-0.010101061314344406:0.04063943400979042:-0.23480509221553802:0.04024896025657654:0.02246042713522911:-0.046977732330560684:0.0231036227196455:0.010164173319935799:0.1745106279850006:0.07173082232475281:-0.08069594949483871:-0.018475951626896858:0.17422862350940704:-0.09905428439378738:0.01736397109925747:0.04960605502128601:-0.16409079730510712:-0.23363514244556427:-0.21608908474445343:0.12480823695659637:0.42874035239219666:0.15355023741722107:-0.140689879655838:0.03030569478869438:-0.16718925535678864:-0.036916326731443405:0.035142600536346436:0.0652671754360199:-0.08889016509056091:-0.034757234156131744:-0.11033275723457336:0.07423554360866547:0.12266425043344498:0.09422969818115234:-0.007463216781616211:0.2207610011100769:0.006033075973391533:-0.021259723231196404:0.002091717906296253:-0.03004543110728264:-0.12299838662147522:0.05337724834680557:-0.05216951668262482:0.018937375396490097:0.0035303784534335136:-0.06739774346351624:0.030716774985194206:0.09316706657409668:-0.22671835124492645:0.07933546602725983:0.05901002138853073:-0.08150706440210342:-0.014166038483381271:0.12435165792703629:-0.1386490762233734:-0.08237900584936142:0.09551451355218887:-0.24551823735237122:0.1746690571308136:0.1922081857919693:0.07427958399057388:0.1967964917421341:0.026531532406806946:0.05506107956171036:-0.009085705503821373:-0.03329136222600937:-0.13363616168498993:-0.03329410031437874:0.11471490561962128:-0.062493640929460526:0.06785570085048676:0.005855483468621969'),(31,'photos/31.jpg','-0.12164799124002457:0.0828169733285904:0.07088082283735275:-0.1284707635641098:-0.07382014393806458:-0.13217532634735107:-0.012883064337074757:-0.11661384999752045:0.18432855606079102:-0.057105906307697296:0.18264034390449524:-0.06213292479515076:-0.26547884941101074:-0.04848141968250275:-0.056671664118766785:0.20777156949043274:-0.1600285768508911:-0.15177157521247864:-0.05686308816075325:-0.024659758433699608:0.009311671368777752:-0.019093075767159462:0.045936182141304016:0.15014612674713135:-0.024469656869769096:-0.27636396884918213:-0.08401899039745331:-0.02277052402496338:-0.09442007541656494:-0.05748913064599037:0.02926642820239067:0.2034517526626587:-0.19411174952983856:-0.08385960757732391:0.02166071906685829:0.1402648687362671:-0.014646569266915321:-0.06638116389513016:0.18208101391792297:0.000999821349978447:-0.20706620812416077:-0.09550321102142334:0.088608019053936:0.2846471071243286:0.219316765666008:0.004014683421701193:-0.02299458719789982:-0.015116065740585327:0.08067484945058823:-0.30803218483924866:-0.038729701191186905:0.1379789412021637:0.014760976657271385:0.0530511811375618:0.01954726129770279:-0.1847105175256729:0.10747607052326202:0.10332450270652771:-0.2249622493982315:-0.04095083475112915:0.026757586747407913:-0.24527710676193237:-0.010353566147387028:-0.07244081050157547:0.29493483901023865:0.15267109870910645:-0.10478713363409042:-0.09415523707866669:0.19305074214935303:-0.14586928486824036:-0.03194386884570122:0.031675051897764206:-0.12680335342884064:-0.13728773593902588:-0.2693013846874237:-0.003945766016840935:0.3776969611644745:0.0963415652513504:-0.13271668553352356:0.14136876165866852:-0.055799905210733414:-0.03396403044462204:-0.005088284146040678:0.14382483065128326:-0.04381168633699417:0.07375580072402954:-0.10973687469959259:-0.015981674194335938:0.15830260515213013:-0.02055184543132782:0.010250609368085861:0.23576273024082184:-0.018073754385113716:0.011986229568719864:0.11501804739236832:-0.012513089925050735:-0.0358707495033741:0.012303227558732033:-0.20309817790985107:0.03465726226568222:-0.05889822542667389:-0.13319869339466095:-0.013577403500676155:0.026886913925409317:-0.14981034398078918:0.08083391189575195:0.0177780669182539:-0.016523800790309906:-0.0907118022441864:-0.028520669788122177:-0.044351547956466675:-0.08050540089607239:0.13266214728355408:-0.2392856329679489:0.19604051113128662:0.1417885273694992:0.013288866728544235:0.19213815033435822:0.028000928461551666:0.16033300757408142:-0.009083260782063007:-0.04092695564031601:-0.04262695834040642:-0.03070566989481449:0.11496764421463013:-0.02436833456158638:0.09341419488191605:0.06715504825115204');
/*!40000 ALTER TABLE `images_data` ENABLE KEYS */;
UNLOCK TABLES;

--
-- Table structure for table `positions`
--

DROP TABLE IF EXISTS `positions`;
/*!40101 SET @saved_cs_client     = @@character_set_client */;
 SET character_set_client = utf8mb4 ;
CREATE TABLE `positions` (
  `position_id` int(11) NOT NULL,
  `position_name` varchar(60) DEFAULT NULL,
  `department_id` int(11) DEFAULT NULL,
  PRIMARY KEY (`position_id`),
  KEY `department_id` (`department_id`),
  CONSTRAINT `positions_ibfk_1` FOREIGN KEY (`department_id`) REFERENCES `departments` (`department_id`)
) ENGINE=InnoDB DEFAULT CHARSET=utf8mb4 COLLATE=utf8mb4_0900_ai_ci;
/*!40101 SET character_set_client = @saved_cs_client */;

--
-- Dumping data for table `positions`
--

LOCK TABLES `positions` WRITE;
/*!40000 ALTER TABLE `positions` DISABLE KEYS */;
INSERT INTO `positions` VALUES (1,'Senior developer engineer',4),(2,'Junior developer engineer',4),(3,'Middle developer engineer',4),(4,'Research Scientist I-Analytical Development',3),(5,'Research Development Coordinator',3),(6,'Research Assistant',3),(7,'Training and Development Manager',2),(8,'Administrative Services Manager',2),(9,'Compensation and Benefits Manager',2),(10,'Financial Analyst',1),(11,'Accounting Manager',1),(12,'Senior Accountant',1);
/*!40000 ALTER TABLE `positions` ENABLE KEYS */;
UNLOCK TABLES;

--
-- Table structure for table `viewers`
--

DROP TABLE IF EXISTS `viewers`;
/*!40101 SET @saved_cs_client     = @@character_set_client */;
 SET character_set_client = utf8mb4 ;
CREATE TABLE `viewers` (
  `login` varchar(30) NOT NULL,
  `password` varchar(64) DEFAULT NULL,
  `name` varchar(20) DEFAULT NULL,
  `last_name` varchar(20) DEFAULT NULL,
  `position_name` varchar(20) DEFAULT NULL,
  PRIMARY KEY (`login`)
) ENGINE=InnoDB DEFAULT CHARSET=utf8mb4 COLLATE=utf8mb4_0900_ai_ci;
/*!40101 SET character_set_client = @saved_cs_client */;

--
-- Dumping data for table `viewers`
--

LOCK TABLES `viewers` WRITE;
/*!40000 ALTER TABLE `viewers` DISABLE KEYS */;
INSERT INTO `viewers` VALUES ('viewer','viewer','Morgan','Freeman','junior guard');
/*!40000 ALTER TABLE `viewers` ENABLE KEYS */;
UNLOCK TABLES;
/*!40103 SET TIME_ZONE=@OLD_TIME_ZONE */;

/*!40101 SET SQL_MODE=@OLD_SQL_MODE */;
/*!40014 SET FOREIGN_KEY_CHECKS=@OLD_FOREIGN_KEY_CHECKS */;
/*!40014 SET UNIQUE_CHECKS=@OLD_UNIQUE_CHECKS */;
/*!40101 SET CHARACTER_SET_CLIENT=@OLD_CHARACTER_SET_CLIENT */;
/*!40101 SET CHARACTER_SET_RESULTS=@OLD_CHARACTER_SET_RESULTS */;
/*!40101 SET COLLATION_CONNECTION=@OLD_COLLATION_CONNECTION */;
/*!40111 SET SQL_NOTES=@OLD_SQL_NOTES */;

-- Dump completed on 2020-04-28 16:34:53
